500,NB,33,40
501,NT,44,49
502,NS,46,23
503,NL,31,33
504,NS,54,62
505,NL,58,56
506,AB,35,33
507,NB,32,45
508,NS,63,45
509,NB,60,61
510,NU,55,56
511,PE,26,47
512,NB,33,26
513,SK,33,52
514,NU,36,49
515,SK,18,56
516,NB,33,23
517,NB,58,18
518,MB,21,51
519,PE,24,31
520,PE,46,29
521,AB,57,39
522,SK,56,33
523,BC,27,54
524,MB,44,25
525,NU,28,37
526,NB,61,38
527,NB,37,49
528,YT,33,25
529,YT,37,21
530,QC,57,57
531,SK,51,28
532,BC,24,25
533,NU,45,45
534,ON,28,51
535,BC,41,57
536,NS,42,28
537,PE,33,58
538,BC,18,49
539,NB,62,41
540,NB,47,26
541,SK,41,35
542,NB,56,29
543,ON,47,41
544,AB,56,57
545,NT,61,51
546,BC,57,22
547,BC,53,21
548,MB,48,29
549,NL,58,61
550,QC,32,63
551,BC,28,28
552,NS,52,64
553,YT,46,27
554,NT,29,41
555,BC,52,49
556,AB,57,34
557,BC,37,20
558,AB,34,18
559,AB,29,40
560,PE,18,25
561,NT,34,47
562,PE,31,52
563,ON,65,61
564,ON,31,31
565,AB,42,58
566,BC,48,34
567,NL,26,32
568,AB,53,57
569,BC,29,20
570,SK,37,41
571,NS,18,59
572,AB,47,61
573,QC,33,31
574,SK,40,59
575,BC,31,33
576,QC,27,54
577,MB,25,63
578,NS,40,42
579,QC,59,58
580,YT,44,55
581,PE,53,34
582,NL,36,49
583,AB,47,29
584,QC,65,35
585,PE,21,29
586,YT,46,45
587,AB,62,40
588,NS,59,65
589,ON,23,42
590,AB,46,27
591,NB,26,22
592,ON,49,21
593,NS,28,22
594,YT,47,37
595,BC,22,56
596,NT,56,59
597,SK,25,55
598,AB,46,19
599,NU,36,64
600,QC,19,42
601,MB,22,36
602,SK,53,45
603,NS,33,55
604,ON,32,45
605,NU,53,31
606,AB,33,21
607,MB,53,35
608,BC,56,42
609,QC,24,65
610,NT,22,58
611,NT,54,40
612,QC,48,56
613,NT,27,52
614,MB,32,38
615,NS,24,31
616,NL,34,21
617,PE,64,63
618,MB,49,56
619,PE,26,64
620,NS,38,39
621,QC,32,46
622,AB,37,51
623,SK,37,28
624,YT,62,27
625,QC,33,20
626,NB,38,18
627,NB,54,51
628,ON,52,37
629,NT,56,65
630,NT,60,59
631,MB,51,37
632,PE,60,52
633,NL,63,58
634,YT,46,47
635,NT,53,22
636,QC,33,51
637,SK,25,20
638,SK,38,50
639,BC,57,44
640,MB,34,28
641,NT,32,27
642,QC,62,44
643,SK,22,43
644,PE,18,23
645,PE,18,19
646,SK,41,31
647,MB,60,34
648,ON,24,58
649,NU,57,29
650,YT,41,36
651,NB,27,65
652,NL,24,52
653,ON,54,49
654,AB,30,54
655,BC,55,20
656,SK,18,23
657,NB,23,27
658,YT,47,64
659,AB,48,24
660,NL,20,49
661,AB,54,39
662,PE,18,47
663,NL,28,55
664,NL,26,18
665,BC,34,35
666,NB,25,49
667,ON,19,19
668,QC,59,65
669,BC,42,23
670,NS,43,23
671,NU,39,47
672,NL,50,20
673,NL,34,49
674,BC,38,61
675,NT,26,21
676,NB,37,30
677,NT,18,27
678,NS,55,51
679,NB,40,47
680,NB,53,31
681,MB,64,20
682,SK,28,53
683,PE,64,54
684,PE,34,53
685,NS,51,57
686,ON,50,33
687,PE,53,39
688,PE,28,36
689,NU,35,18
690,NU,32,29
691,NT,23,37
692,SK,30,40
693,NS,64,30
694,NS,24,28
695,QC,35,46
696,NU,64,53
697,SK,47,25
698,NU,31,54
699,NB,47,33
700,QC,55,46
701,NB,53,42
702,QC,18,48
703,NS,55,19
704,NT,39,31
705,QC,25,53
706,ON,53,34
707,SK,38,50
708,YT,32,36
709,NT,57,53
710,MB,38,60
711,ON,42,42
712,PE,20,47
713,ON,30,44
714,NS,65,59
715,ON,31,58
716,AB,57,33
717,ON,44,63
718,BC,41,50
719,AB,50,33
720,NB,33,28
721,NT,62,47
722,NB,52,54
723,PE,20,36
724,BC,28,23
725,NL,65,41
726,NT,48,41
727,YT,28,21
728,AB,51,33
729,NB,20,20
730,NB,43,38
731,SK,41,44
732,NT,51,31
733,NS,65,49
734,ON,41,32
735,SK,41,58
736,NS,24,47
737,YT,58,30
738,MB,26,21
739,AB,18,44
740,YT,26,47
741,SK,55,49
742,BC,26,57
743,NL,64,33
744,PE,50,41
745,NS,64,26
746,SK,48,48
747,BC,37,25
748,NU,36,40
749,YT,37,31
750,MB,60,53
751,AB,59,57
752,MB,30,52
753,YT,32,43
754,QC,57,35
755,SK,32,55
756,NL,62,53
757,SK,51,32
758,ON,30,62
759,BC,64,33
760,SK,26,36
761,MB,29,34
762,NT,64,31
763,QC,30,29
764,YT,65,24
765,NL,56,37
766,BC,65,19
767,YT,18,63
768,NS,43,20
769,YT,22,58
770,PE,30,49
771,AB,27,46
772,QC,44,28
773,YT,56,63
774,SK,39,24
775,NU,65,39
776,ON,30,20
777,NT,37,28
778,YT,60,58
779,SK,27,24
780,NL,46,34
781,NB,25,43
782,NS,42,59
783,ON,45,30
784,BC,34,61
785,ON,49,65
786,QC,45,32
787,QC,21,53
788,MB,22,47
789,NU,41,56
790,NB,24,49
791,NL,49,65
792,NU,43,27
793,ON,31,59
794,QC,22,52
795,YT,42,40
796,QC,48,51
797,ON,40,24
798,NU,40,53
799,MB,63,22
800,NL,21,59
801,PE,58,28
802,ON,33,35
803,AB,54,64
804,ON,23,24
805,NB,52,38
806,MB,46,43
807,BC,47,18
808,SK,51,23
809,NL,39,52
810,NL,41,58
811,NB,49,50
812,SK,53,42
813,SK,22,65
814,PE,23,38
815,ON,52,47
816,NT,44,57
817,BC,48,24
818,QC,62,39
819,QC,37,57
820,MB,47,24
821,MB,19,48
822,AB,27,45
823,NU,29,23
824,NU,46,58
825,NB,52,63
826,NS,43,29
827,NU,51,55
828,BC,61,52
829,NB,60,62
830,ON,40,39
831,AB,40,46
832,NL,39,23
833,YT,26,26
834,BC,25,39
835,NB,51,38
836,NU,56,63
837,NS,64,45
838,NS,52,28
839,PE,18,21
840,AB,31,44
841,YT,36,62
842,ON,28,29
843,NT,57,28
844,NB,59,27
845,SK,42,42
846,ON,57,25
847,PE,24,19
848,NT,32,29
849,NL,23,53
850,NT,23,49
851,NU,18,38
852,BC,61,63
853,ON,36,33
854,BC,29,21
855,ON,29,45
856,NT,29,39
857,QC,48,57
858,BC,21,47
859,NU,54,27
860,QC,58,39
861,YT,41,31
862,NU,61,52
863,NT,18,63
864,NL,53,34
865,NL,56,34
866,NB,46,59
867,QC,46,50
868,NB,53,44
869,ON,65,49
870,SK,59,22
871,MB,43,45
872,NU,47,45
873,ON,43,35
874,QC,36,61
875,SK,38,50
876,YT,24,33
877,PE,18,38
878,QC,65,49
879,PE,21,52
880,NB,33,42
881,ON,50,30
882,PE,37,55
883,NS,52,45
884,ON,55,18
885,SK,22,51
886,NL,46,23
887,NL,27,44
888,NS,36,53
889,QC,40,47
890,NT,34,60
891,MB,44,22
892,YT,57,57
893,AB,22,41
894,SK,44,19
895,QC,34,36
896,NB,50,65
897,NT,52,33
898,ON,37,62
899,NT,49,52
900,NL,36,39
901,BC,64,36
902,ON,26,43
903,SK,26,19
904,ON,39,52
905,QC,18,53
906,MB,25,45
907,BC,31,18
908,BC,61,32
909,NB,18,21
910,YT,18,21
911,BC,35,56
912,YT,18,30
913,MB,30,43
914,NT,54,59
915,ON,58,35
916,NL,46,58
917,YT,54,59
918,YT,63,32
919,ON,62,23
920,QC,18,49
921,NS,50,31
922,QC,33,46
923,YT,33,61
924,ON,57,29
925,SK,39,60
926,MB,41,53
927,AB,60,60
928,YT,46,31
929,BC,48,19
930,NL,47,61
931,SK,28,29
932,QC,38,46
933,ON,32,48
934,NS,37,20
935,NL,25,39
936,NB,48,56
937,ON,23,32
938,PE,34,44
939,NU,64,32
940,NU,40,40
941,SK,48,33
942,YT,31,47
943,NB,65,53
944,PE,57,48
945,SK,24,51
946,NT,25,32
947,AB,51,58
948,QC,35,45
949,NB,19,55
950,ON,39,45
951,NS,39,44
952,NL,23,24
953,QC,51,34
954,AB,20,47
955,ON,46,45
956,NU,35,30
957,MB,55,39
958,SK,54,40
959,PE,20,58
960,AB,41,30
961,ON,45,34
962,NU,24,22
963,MB,56,56
964,QC,55,44
965,NB,58,41
966,QC,43,41
967,PE,23,30
968,SK,58,50
969,NS,25,36
970,NT,35,40
971,NL,48,48
972,AB,38,36
973,YT,49,44
974,MB,32,53
975,BC,49,26
976,SK,53,43
977,NT,34,22
978,QC,29,23
979,QC,64,38
980,AB,51,18
981,BC,36,40
982,YT,59,21
983,NT,55,47
984,AB,60,36
985,NS,50,21
986,ON,62,33
987,NB,53,51
988,NU,27,45
989,YT,40,27
990,ON,46,19
991,BC,64,59
992,NB,51,58
993,ON,19,46
994,NS,32,49
995,QC,42,54
996,ON,27,57
997,NL,59,32
998,YT,50,27
999,AB,64,63
1000,ON,40,29
1001,NS,20,44
1002,NU,30,65
1003,ON,50,52
1004,NT,63,46
1005,NL,56,32
1006,NB,36,20
1007,PE,22,40
1008,PE,32,43
1009,ON,53,64
1010,NL,64,56
1011,AB,32,45
1012,NS,23,31
1013,NU,41,27
1014,AB,24,56
1015,PE,30,54
1016,NS,30,50
1017,NS,56,22
1018,NU,62,29
1019,AB,26,27
1020,AB,18,24
1021,NL,52,51
1022,MB,51,23
1023,NU,54,39
1024,QC,31,36
1025,NB,39,57
1026,AB,58,19
1027,QC,47,43
1028,ON,53,26
1029,SK,57,30
1030,BC,49,31
1031,NL,31,60
1032,QC,45,54
1033,NB,64,48
1034,NU,29,26
1035,PE,50,22
1036,AB,61,26
1037,YT,44,30
1038,NU,39,23
1039,BC,34,45
1040,YT,37,55
1041,AB,60,48
1042,QC,42,59
1043,PE,49,46
1044,NS,60,44
1045,NU,47,56
1046,BC,63,25
1047,NT,38,35
1048,NT,59,19
1049,NL,47,45
1050,NL,44,34
1051,ON,31,55
1052,NL,65,38
1053,NT,61,46
1054,NL,22,43
1055,NS,27,28
1056,NB,21,20
1057,NB,24,54
1058,NL,65,31
1059,AB,57,21
1060,AB,65,54
1061,NT,20,65
1062,NB,52,43
1063,NT,62,49
1064,NB,64,46
1065,PE,18,57
1066,NT,21,19
1067,SK,30,57
1068,NB,47,39
1069,SK,54,22
1070,NB,47,51
1071,YT,32,46
1072,SK,44,58
1073,PE,30,54
1074,PE,26,30
1075,SK,37,28
1076,YT,33,30
1077,SK,56,28
1078,AB,65,50
1079,ON,20,40
1080,NT,50,31
1081,PE,42,56
1082,AB,50,62
1083,AB,59,28
1084,MB,37,56
1085,NS,18,61
1086,NU,37,28
1087,MB,46,21
1088,NB,33,24
1089,NT,49,37
1090,SK,27,47
1091,BC,38,63
1092,PE,63,55
1093,ON,54,25
1094,YT,53,62
1095,QC,63,36
1096,NL,35,50
1097,NT,19,63
1098,NL,52,33
1099,PE,25,58
1100,NB,34,22
1101,QC,19,33
1102,MB,64,31
1103,AB,57,41
1104,ON,60,47
1105,YT,33,18
1106,NT,40,25
1107,ON,37,64
1108,QC,29,24
1109,NB,51,25
1110,AB,42,27
1111,NL,61,29
1112,BC,50,58
1113,NU,20,49
1114,SK,20,60
1115,SK,29,28
1116,NT,46,54
1117,BC,20,19
1118,NB,47,25
1119,BC,37,60
1120,NU,19,18
1121,NL,62,54
1122,NL,33,36
1123,PE,29,43
1124,NB,27,55
1125,ON,41,34
1126,PE,49,52
1127,NL,61,40
1128,MB,65,55
1129,YT,49,33
1130,NB,21,38
1131,NB,53,50
1132,YT,41,38
1133,NU,32,30
1134,NU,58,26
1135,YT,54,58
1136,AB,32,24
1137,BC,60,58
1138,MB,24,21
1139,NL,62,48
1140,NU,18,18
1141,YT,18,29
1142,SK,56,51
1143,YT,29,35
1144,NU,40,37
1145,PE,61,42
1146,NU,34,35
1147,YT,46,65
1148,BC,27,37
1149,YT,41,24
1150,SK,34,47
1151,PE,47,55
1152,NS,37,38
1153,BC,21,24
1154,QC,44,57
1155,NT,28,34
1156,SK,63,33
1157,YT,46,24
1158,QC,38,53
1159,QC,31,63
1160,NB,57,32
1161,NL,25,20
1162,QC,20,19
1163,ON,53,34
1164,QC,34,29
1165,SK,27,37
1166,NS,43,25
1167,BC,59,30
1168,ON,55,49
1169,NT,41,33
1170,NB,56,51
1171,ON,64,44
1172,PE,40,65
1173,SK,49,30
1174,SK,54,38
1175,PE,61,36
1176,NB,29,54
1177,MB,43,29
1178,NB,44,49
1179,YT,27,54
1180,NS,51,35
1181,AB,40,61
1182,BC,36,37
1183,NS,36,56
1184,QC,40,54
1185,NT,46,30
1186,NT,22,46
1187,YT,33,53
1188,BC,25,42
1189,NB,25,25
1190,NB,63,53
1191,NL,53,63
1192,BC,59,40
1193,QC,57,53
1194,YT,48,31
1195,ON,34,48
1196,NU,63,35
1197,SK,22,30
1198,NL,56,24
1199,NS,21,64
1200,ON,54,48
1201,SK,19,31
1202,NT,32,51
1203,NT,24,38
1204,MB,27,40
1205,YT,34,30
1206,SK,24,32
1207,AB,29,53
1208,NS,40,63
1209,AB,26,37
1210,AB,22,64
1211,SK,49,46
1212,ON,56,27
1213,PE,52,18
1214,NS,50,52
1215,QC,21,57
1216,NL,47,50
1217,QC,55,60
1218,NS,28,41
1219,NS,50,37
1220,NB,27,58
1221,ON,43,45
1222,ON,58,48
1223,ON,58,44
1224,ON,63,46
1225,QC,18,58
1226,ON,58,36
1227,NT,27,24
1228,NS,63,21
1229,AB,51,54
1230,NT,52,51
1231,NU,36,29
1232,SK,25,57
1233,BC,35,41
1234,QC,45,64
1235,NU,64,37
1236,MB,39,38
1237,NB,36,45
1238,NB,35,53
1239,NU,26,42
1240,QC,30,29
1241,AB,23,45
1242,NL,62,39
1243,NT,37,38
1244,BC,62,21
1245,AB,34,51
1246,PE,42,54
1247,PE,25,36
1248,MB,41,33
1249,ON,54,18
1250,MB,35,40
1251,QC,18,58
1252,PE,60,57
1253,AB,40,20
1254,ON,36,53
1255,ON,57,63
1256,NL,28,25
1257,SK,53,39
1258,QC,65,64
1259,MB,59,61
1260,NB,52,33
1261,NT,33,18
1262,AB,40,39
1263,NL,60,40
1264,YT,22,27
1265,QC,50,24
1266,QC,57,29
1267,NT,49,20
1268,ON,28,53
1269,ON,35,62
1270,AB,56,47
1271,NL,53,41
1272,NL,18,41
1273,NB,60,47
1274,NL,63,61
1275,PE,60,57
1276,BC,18,28
1277,ON,28,45
1278,NB,54,52
1279,NL,52,49
1280,ON,58,27
1281,SK,44,64
1282,YT,37,39
1283,PE,44,56
1284,NS,55,35
1285,NL,38,61
1286,NB,34,35
1287,NS,52,32
1288,NB,44,48
1289,AB,22,31
1290,NU,44,57
1291,SK,47,34
1292,NL,20,45
1293,ON,59,36
1294,ON,20,21
1295,YT,56,29
1296,NS,51,56
1297,SK,32,38
1298,NU,47,29
1299,NL,23,44
1300,AB,24,58
1301,AB,26,49
1302,NU,26,38
1303,SK,58,53
1304,PE,37,55
1305,BC,44,51
1306,NB,52,27
1307,AB,50,29
1308,NT,48,49
1309,QC,36,28
1310,NL,49,57
1311,NU,29,31
1312,YT,60,65
1313,ON,40,36
1314,MB,53,23
1315,QC,45,50
1316,ON,32,48
1317,AB,43,40
1318,NS,21,44
1319,ON,58,25
1320,AB,39,60
1321,PE,19,31
1322,NS,22,39
1323,PE,52,45
1324,NS,32,45
1325,MB,50,26
1326,NL,27,47
1327,MB,46,61
1328,QC,39,60
1329,AB,27,49
1330,BC,61,24
1331,MB,20,25
1332,NB,49,53
1333,YT,62,45
1334,MB,19,61
1335,NB,45,51
1336,PE,55,63
1337,BC,54,33
1338,NS,34,20
1339,PE,64,52
1340,NB,52,58
1341,AB,21,27
1342,AB,37,33
1343,NT,57,26
1344,BC,59,25
1345,NU,49,56
1346,AB,50,38
1347,QC,56,47
1348,NU,33,39
1349,NL,62,27
1350,BC,58,54
1351,NT,46,51
1352,PE,64,44
1353,NT,47,33
1354,NT,65,22
1355,NS,19,49
1356,PE,46,30
1357,MB,26,35
1358,NB,24,55
1359,AB,20,30
1360,NS,35,60
1361,ON,62,49
1362,AB,55,18
1363,SK,59,53
1364,QC,60,55
1365,SK,35,56
1366,BC,31,34
1367,QC,25,30
1368,NB,20,45
1369,ON,21,18
1370,SK,42,31
1371,ON,18,37
1372,NS,44,23
1373,YT,35,42
1374,MB,36,33
1375,QC,56,18
1376,MB,26,52
1377,YT,50,34
1378,NT,64,25
1379,PE,40,20
1380,NL,27,31
1381,PE,33,38
1382,SK,34,52
1383,BC,32,27
1384,NT,32,37
1385,NL,28,30
1386,BC,40,52
1387,SK,40,18
1388,AB,36,63
1389,AB,29,57
1390,NU,65,20
1391,BC,43,55
1392,SK,38,45
1393,NL,65,34
1394,NS,25,31
1395,ON,50,45
1396,NU,50,45
1397,SK,61,47
1398,BC,53,65
1399,AB,55,50
1400,MB,44,20
1401,SK,39,38
1402,NT,24,40
1403,NS,43,41
1404,ON,37,27
1405,ON,51,31
1406,QC,47,27
1407,NL,57,53
1408,PE,46,40
1409,NL,52,22
1410,SK,41,57
1411,ON,64,51
1412,NT,63,55
1413,MB,53,23
1414,PE,26,42
1415,NS,32,56
1416,ON,58,19
1417,NL,54,41
1418,YT,55,53
1419,NS,65,26
1420,NT,20,54
1421,QC,62,47
1422,ON,63,30
1423,ON,30,58
1424,MB,25,56
1425,QC,26,35
1426,YT,47,54
1427,NB,64,19
1428,NS,64,37
1429,QC,60,27
1430,YT,51,46
1431,NL,44,45
1432,SK,36,58
1433,NB,51,26
1434,NS,56,56
1435,BC,33,63
1436,AB,54,57
1437,QC,31,51
1438,MB,23,21
1439,PE,38,37
1440,NS,45,19
1441,NU,33,23
1442,QC,63,46
1443,PE,32,35
1444,NU,58,23
1445,NU,64,48
1446,AB,29,40
1447,BC,65,28
1448,PE,49,51
1449,ON,36,64
1450,QC,55,42
1451,ON,34,40
1452,NT,47,50
1453,ON,50,37
1454,PE,62,48
1455,NS,53,23
1456,NB,29,37
1457,ON,55,43
1458,ON,41,45
1459,NS,63,24
1460,PE,28,49
1461,BC,56,26
1462,SK,42,39
1463,AB,44,56
1464,QC,39,57
1465,ON,56,56
1466,PE,64,21
1467,BC,59,55
1468,MB,43,38
1469,YT,20,43
1470,NS,45,35
1471,BC,40,25
1472,ON,36,36
1473,NB,30,62
1474,PE,33,40
1475,YT,65,45
1476,NL,54,51
1477,NU,29,28
1478,NU,41,63
1479,PE,18,55
1480,PE,36,41
1481,BC,35,59
1482,NT,37,61
1483,QC,24,58
1484,NL,56,35
1485,ON,40,53
1486,BC,34,56
1487,ON,47,31
1488,NU,29,44
1489,SK,52,46
1490,QC,41,53
1491,ON,20,50
1492,NT,52,60
1493,MB,49,36
1494,BC,61,29
1495,AB,24,26
1496,BC,27,22
1497,ON,46,27
1498,BC,27,42
1499,ON,23,25
1500,AB,45,44
1501,NB,52,31
1502,NT,50,34
1503,PE,23,37
1504,MB,61,64
1505,NT,20,53
1506,SK,56,60
1507,NS,39,60
1508,SK,55,42
1509,NU,39,40
1510,NS,44,54
1511,QC,64,19
1512,PE,53,62
1513,NL,60,54
1514,ON,21,64
1515,MB,32,22
1516,MB,48,65
1517,AB,51,35
1518,SK,22,25
1519,BC,63,47
1520,NS,28,29
1521,AB,49,41
1522,NT,65,40
1523,ON,64,22
1524,NT,59,52
1525,NB,21,42
1526,NU,27,24
1527,NS,35,46
1528,AB,45,47
1529,NT,50,20
1530,NL,57,37
1531,QC,18,46
1532,NB,22,44
1533,NL,31,20
1534,AB,61,48
1535,YT,34,28
1536,NB,50,30
1537,NU,56,47
1538,NB,56,43
1539,QC,64,58
1540,YT,40,24
1541,MB,39,37
1542,MB,50,64
1543,NB,38,19
1544,AB,47,27
1545,QC,43,42
1546,NT,42,39
1547,AB,44,38
1548,NU,30,41
1549,ON,24,20
1550,PE,23,18
1551,NU,18,29
1552,ON,58,30
1553,NL,20,23
1554,NU,44,60
1555,QC,42,34
1556,MB,53,49
1557,QC,46,23
1558,MB,22,62
1559,NB,64,32
1560,BC,50,18
1561,BC,51,25
1562,AB,34,56
1563,ON,55,20
1564,QC,22,53
1565,AB,38,27
1566,NT,42,54
1567,QC,48,51
1568,MB,30,52
1569,NS,41,57
1570,AB,26,29
1571,BC,64,38
1572,NB,42,33
1573,PE,44,65
1574,SK,30,21
1575,MB,44,36
1576,NB,24,65
1577,QC,36,38
1578,NS,24,61
1579,SK,49,53
1580,ON,27,45
1581,NL,57,30
1582,ON,28,26
1583,NL,65,57
1584,NS,27,54
1585,NS,65,45
1586,NU,48,45
1587,ON,31,51
1588,QC,47,65
1589,NU,36,63
1590,QC,23,26
1591,NL,41,24
1592,AB,62,43
1593,BC,47,21
1594,AB,31,47
1595,MB,51,18
1596,NT,57,62
1597,NU,33,28
1598,NS,48,21
1599,QC,35,51
1600,NT,38,21
1601,ON,19,48
1602,QC,21,60
1603,BC,43,44
1604,NU,18,53
1605,AB,47,28
1606,QC,53,36
1607,QC,50,21
1608,NB,34,53
1609,MB,48,47
1610,PE,29,23
1611,PE,64,60
1612,AB,45,19
1613,BC,41,18
1614,QC,32,53
1615,NB,55,53
1616,NS,62,64
1617,ON,33,33
1618,MB,26,38
1619,MB,39,49
1620,BC,28,31
1621,NB,43,44
1622,NB,53,18
1623,BC,26,18
1624,QC,54,46
1625,BC,42,25
1626,NT,65,18
1627,SK,43,62
1628,NL,30,47
1629,NU,58,62
1630,SK,59,50
1631,NL,39,34
1632,YT,52,44
1633,YT,58,46
1634,NT,36,58
1635,NT,63,50
1636,NB,30,60
1637,ON,64,21
1638,QC,64,54
1639,PE,26,56
1640,PE,45,34
1641,QC,38,57
1642,SK,28,57
1643,NS,32,53
1644,QC,48,53
1645,QC,33,60
1646,ON,65,35
1647,QC,31,18
1648,ON,49,31
1649,AB,28,48
1650,QC,45,59
1651,PE,65,19
1652,QC,44,57
1653,QC,38,53
1654,QC,31,52
1655,AB,57,24
1656,ON,31,36
1657,AB,31,33
1658,NU,24,59
1659,QC,34,35
1660,BC,26,35
1661,NT,30,31
1662,SK,20,61
1663,NU,35,49
1664,NL,51,24
1665,AB,34,27
1666,QC,24,60
1667,NL,31,34
1668,YT,64,37
1669,NB,65,40
1670,MB,22,32
1671,NS,28,49
1672,BC,63,57
1673,NB,29,31
1674,NB,50,53
1675,PE,55,61
1676,QC,63,42
1677,YT,57,44
1678,MB,19,20
1679,NU,32,36
1680,ON,35,56
1681,YT,42,24
1682,AB,53,25
1683,NS,53,58
1684,MB,40,40
1685,AB,33,55
1686,NU,37,51
1687,QC,30,40
1688,YT,31,55
1689,NS,21,35
1690,ON,30,44
1691,SK,36,53
1692,SK,35,45
1693,NL,18,63
1694,NL,35,46
1695,PE,43,42
1696,NB,53,59
1697,NB,30,57
1698,NU,32,30
1699,MB,59,33
1700,BC,27,44
1701,ON,47,61
1702,SK,18,65
1703,NB,20,28
1704,MB,61,42
1705,NS,62,46
1706,SK,63,51
1707,NU,56,34
1708,QC,29,37
1709,QC,62,56
1710,PE,34,64
1711,NS,21,25
1712,SK,34,44
1713,NL,34,62
1714,QC,31,45
1715,ON,32,30
1716,NS,22,35
1717,NL,23,30
1718,MB,49,40
1719,NS,54,34
1720,YT,27,56
1721,SK,54,23
1722,ON,24,45
1723,PE,28,24
1724,NT,54,33
1725,SK,41,18
1726,SK,42,58
1727,NS,45,18
1728,NS,60,41
1729,NL,51,26
1730,NT,43,56
1731,NT,50,38
1732,NT,29,21
1733,MB,34,54
1734,QC,53,46
1735,PE,64,31
1736,NL,60,42
1737,NS,58,49
1738,NL,29,59
1739,MB,41,43
1740,NT,63,46
1741,NL,38,27
1742,AB,49,22
1743,NU,34,38
1744,NL,46,25
1745,MB,31,60
1746,NB,63,29
1747,NT,60,23
1748,NB,58,51
1749,NL,64,21
1750,NT,24,22
1751,NL,19,34
1752,QC,50,26
1753,NS,45,43
1754,MB,24,21
1755,PE,59,53
1756,QC,52,24
1757,ON,65,43
1758,AB,52,44
1759,NS,65,64
1760,SK,58,41
1761,BC,39,41
1762,NS,23,65
1763,NL,52,18
1764,NL,48,62
1765,BC,29,33
1766,MB,56,44
1767,BC,44,53
1768,NU,59,44
1769,MB,47,54
1770,NT,47,53
1771,NS,41,59
1772,AB,36,54
1773,YT,65,49
1774,NT,59,41
1775,SK,59,34
1776,PE,36,55
1777,NT,35,62
1778,BC,62,21
1779,NB,58,22
1780,NL,54,36
1781,ON,45,42
1782,YT,39,36
1783,YT,34,33
1784,AB,39,19
1785,YT,34,64
1786,NT,62,51
1787,PE,47,31
1788,NB,44,20
1789,SK,28,54
1790,MB,63,29
1791,MB,30,39
1792,MB,31,29
1793,BC,44,27
1794,BC,41,51
1795,NB,45,39
1796,NU,64,61
1797,AB,19,37
1798,AB,42,29
1799,NS,51,45
1800,QC,18,59
1801,NU,59,57
1802,BC,46,63
1803,ON,51,36
1804,NT,53,27
1805,PE,60,41
1806,AB,65,52
1807,AB,27,28
1808,SK,20,29
1809,MB,25,62
1810,MB,28,55
1811,AB,58,57
1812,NS,30,63
1813,NT,24,63
1814,NT,24,57
1815,AB,36,34
1816,NU,40,23
1817,NB,26,22
1818,ON,32,50
1819,ON,43,62
1820,MB,22,59
1821,NS,28,18
1822,SK,21,40
1823,NB,32,47
1824,NB,55,31
1825,BC,26,43
1826,NL,52,41
1827,YT,39,29
1828,ON,43,26
1829,MB,46,63
1830,AB,37,31
1831,NL,39,23
1832,NT,28,48
1833,BC,46,33
1834,AB,41,28
1835,NU,44,41
1836,MB,46,39
1837,SK,49,64
1838,BC,46,39
1839,AB,27,28
1840,NT,20,58
1841,BC,61,63
1842,SK,51,23
1843,PE,30,63
1844,AB,49,52
1845,NL,60,48
1846,MB,46,59
1847,ON,51,49
1848,YT,60,28
1849,NS,35,38
1850,MB,54,25
1851,ON,48,58
1852,ON,22,20
1853,MB,54,52
1854,NU,29,45
1855,PE,38,29
1856,BC,51,21
1857,BC,52,42
1858,NT,34,37
1859,NS,47,58
1860,QC,46,60
1861,BC,47,44
1862,ON,56,29
1863,MB,48,23
1864,SK,26,61
1865,NS,65,56
1866,PE,54,39
1867,NL,21,24
1868,YT,34,65
1869,SK,55,40
1870,QC,33,32
1871,SK,56,46
1872,NS,36,52
1873,NU,51,25
1874,YT,21,60
1875,NS,64,29
1876,AB,54,55
1877,NB,35,20
1878,NL,52,23
1879,NT,59,27
1880,NS,27,55
1881,NU,61,37
1882,NS,35,27
1883,MB,31,44
1884,NB,29,57
1885,MB,46,64
1886,NU,41,61
1887,NT,60,20
1888,NB,31,65
1889,AB,24,29
1890,NB,48,36
1891,NL,49,38
1892,NL,45,33
1893,BC,54,21
1894,NL,45,59
1895,NT,58,51
1896,AB,34,30
1897,NL,28,25
1898,NL,47,50
1899,BC,18,58
1900,NS,60,61
1901,NL,38,27
1902,YT,23,59
1903,AB,36,64
1904,NB,25,57
1905,NB,36,21
1906,BC,43,64
1907,MB,23,21
1908,NT,29,21
1909,NB,39,58
1910,PE,42,26
1911,NU,20,18
1912,NL,23,54
1913,SK,37,63
1914,NT,22,21
1915,NS,45,35
1916,AB,29,19
1917,NB,31,19
1918,YT,31,41
1919,MB,37,39
1920,YT,39,36
1921,YT,50,44
1922,AB,51,49
1923,PE,27,47
1924,QC,40,56
1925,NU,38,55
1926,BC,25,35
1927,AB,47,22
1928,PE,52,62
1929,NS,62,23
1930,MB,44,48
1931,NT,59,65
1932,NS,45,22
1933,NL,31,47
1934,NS,28,48
1935,BC,21,26
1936,PE,35,38
1937,AB,20,46
1938,QC,21,42
1939,SK,55,50
1940,ON,43,18
1941,QC,42,33
1942,BC,25,19
1943,BC,39,53
1944,SK,58,29
1945,NT,37,19
1946,NT,45,48
1947,NT,54,53
1948,AB,35,31
1949,MB,26,50
1950,ON,32,34
1951,AB,34,43
1952,YT,20,44
1953,MB,19,32
1954,NU,65,64
1955,NB,32,31
1956,MB,59,42
1957,NT,41,25
1958,NT,43,54
1959,PE,46,40
1960,NS,37,19
1961,NL,62,26
1962,NU,62,55
1963,NS,51,24
1964,NB,22,32
1965,NS,31,34
1966,NS,43,37
1967,YT,50,35
1968,BC,63,35
1969,NT,27,28
1970,PE,29,63
1971,BC,31,59
1972,ON,44,60
1973,NB,46,21
1974,NT,29,24
1975,NS,48,58
1976,YT,47,18
1977,SK,51,28
1978,ON,58,59
1979,PE,18,26
1980,ON,48,46
1981,QC,45,27
1982,NB,45,52
1983,BC,31,55
1984,NS,25,50
1985,NL,23,51
1986,QC,37,46
1987,NU,21,30
1988,NL,32,40
1989,AB,25,65
1990,SK,52,63
1991,NB,36,52
1992,AB,57,53
1993,MB,54,55
1994,NS,56,47
1995,SK,41,38
1996,AB,47,63
1997,NU,38,49
1998,NU,30,60
1999,QC,29,31
2000,ON,41,41
2001,PE,58,58
2002,NB,32,55
2003,NU,58,18
2004,NS,60,29
2005,NT,48,44
2006,MB,55,39
2007,NL,64,54
2008,NL,28,50
2009,MB,31,58
2010,YT,45,35
2011,NU,28,47
2012,NS,58,22
2013,PE,62,47
2014,MB,50,53
2015,NL,43,21
2016,QC,54,32
2017,PE,39,46
2018,NL,58,19
2019,PE,44,35
2020,NS,48,22
2021,NU,18,49
2022,NB,30,25
2023,PE,52,62
2024,MB,39,27
2025,AB,25,44
2026,ON,38,62
2027,YT,43,42
2028,BC,46,47
2029,MB,60,37
2030,YT,40,18
2031,NL,47,38
2032,NT,50,48
2033,NS,44,32
2034,NB,42,58
2035,NU,20,54
2036,QC,53,54
2037,NL,45,57
2038,NU,41,59
2039,YT,42,60
2040,NB,25,28
2041,NB,57,65
2042,PE,35,21
2043,ON,23,29
2044,NB,46,64
2045,AB,27,26
2046,ON,21,32
2047,NT,42,48
2048,YT,30,61
2049,NU,23,56
2050,SK,43,28
2051,YT,38,41
2052,NB,30,25
2053,NU,40,65
2054,NB,49,23
2055,ON,60,41
2056,NU,53,29
2057,YT,51,25
2058,NT,20,19
2059,NU,49,61
2060,BC,56,31
2061,MB,46,23
2062,YT,19,34
2063,ON,19,64
2064,SK,64,63
2065,SK,36,65
2066,NB,34,33
2067,AB,20,55
2068,NB,61,24
2069,PE,28,31
2070,NT,62,30
2071,BC,38,59
2072,ON,55,42
2073,QC,28,62
2074,AB,21,31
2075,NT,65,51
2076,QC,47,27
2077,QC,61,41
2078,SK,48,20
2079,QC,48,24
2080,NS,60,58
2081,BC,55,51
2082,NT,41,51
2083,NS,23,22
2084,NB,45,63
2085,SK,46,29
2086,NS,30,29
2087,NS,23,57
2088,SK,42,65
2089,BC,49,61
2090,MB,23,30
2091,NS,56,38
2092,NB,35,35
2093,QC,53,20
2094,PE,60,44
2095,QC,46,30
2096,PE,39,55
2097,QC,42,53
2098,NT,57,63
2099,YT,41,56
2100,SK,53,54
2101,NB,38,40
2102,NL,52,24
2103,NB,33,45
2104,SK,18,46
2105,ON,34,19
2106,QC,23,61
2107,NS,33,50
2108,NT,32,50
2109,NT,47,34
2110,NT,58,31
2111,SK,21,18
2112,NU,42,27
2113,SK,46,38
2114,AB,43,37
2115,ON,43,27
2116,NL,21,40
2117,NU,62,27
2118,NU,40,35
2119,SK,43,46
2120,NB,46,58
2121,ON,34,46
2122,NB,46,49
2123,NT,35,39
2124,NU,28,20
2125,SK,47,35
2126,NU,64,25
2127,PE,31,27
2128,QC,35,39
2129,QC,21,28
2130,PE,38,56
2131,NS,26,31
2132,YT,39,55
2133,NS,59,19
2134,NB,60,53
2135,SK,57,61
2136,NU,47,18
2137,NB,26,64
2138,NB,56,28
2139,YT,24,31
2140,AB,53,27
2141,QC,44,31
2142,AB,32,30
2143,NS,30,64
2144,MB,46,23
2145,BC,26,30
2146,YT,65,27
2147,PE,20,45
2148,BC,25,56
2149,PE,59,22
2150,NL,45,62
2151,BC,36,41
2152,ON,24,31
2153,ON,63,41
2154,BC,27,18
2155,YT,31,20
2156,NB,38,45
2157,SK,65,37
2158,YT,63,65
2159,NU,28,56
2160,NS,60,36
2161,MB,24,56
2162,YT,20,58
2163,YT,25,37
2164,QC,63,53
2165,SK,58,58
2166,SK,43,18
2167,AB,56,27
2168,NB,40,40
2169,BC,34,32
2170,NT,35,24
2171,QC,29,59
2172,NS,47,53
2173,NL,28,36
2174,NT,42,22
2175,QC,24,45
2176,QC,44,36
2177,QC,61,55
2178,PE,55,53
2179,AB,24,56
2180,MB,35,55
2181,NU,34,37
2182,NS,37,32
2183,AB,20,47
2184,ON,43,55
2185,NS,39,58
2186,ON,56,28
2187,NL,56,18
2188,BC,59,38
2189,NS,56,48
2190,YT,38,43
2191,ON,37,47
2192,NB,36,29
2193,NB,19,49
2194,BC,29,28
2195,BC,18,32
2196,QC,46,65
2197,NU,61,29
2198,NT,53,36
2199,NB,49,40
2200,BC,19,37
2201,NU,45,51
2202,NB,45,34
2203,BC,52,65
2204,AB,59,36
2205,MB,24,58
2206,AB,31,32
2207,YT,46,45
2208,AB,62,58
2209,NU,50,51
2210,NS,42,64
2211,NT,44,40
2212,ON,58,30
2213,NU,60,64
2214,NT,21,49
2215,NL,53,58
2216,NS,47,34
2217,NU,58,60
2218,NT,30,22
2219,NS,51,28
2220,NS,31,27
2221,NS,18,31
2222,BC,30,58
2223,NU,57,20
2224,MB,34,30
2225,QC,32,31
2226,QC,26,30
2227,MB,61,51
2228,MB,57,49
2229,PE,33,50
2230,NB,33,48
2231,NU,35,23
2232,NU,63,36
2233,MB,62,35
2234,MB,49,24
2235,PE,25,24
2236,PE,34,39
2237,QC,63,24
2238,NS,25,65
2239,BC,31,28
2240,QC,40,34
2241,BC,42,46
2242,QC,28,45
2243,NB,49,30
2244,QC,25,18
2245,QC,38,55
2246,NU,26,56
2247,YT,48,50
2248,NL,65,18
2249,BC,51,43
2250,MB,64,22
2251,QC,55,61
2252,NT,54,57
2253,AB,24,25
2254,QC,30,39
2255,NT,56,47
2256,BC,18,33
2257,YT,23,50
2258,NS,61,63
2259,NS,59,20
2260,AB,31,37
2261,NS,24,25
2262,AB,29,54
2263,PE,21,61
2264,NL,35,29
2265,NT,63,29
2266,NU,52,47
2267,NS,29,63
2268,ON,39,34
2269,NU,44,63
2270,AB,20,64
2271,MB,23,59
2272,QC,22,37
2273,NB,46,59
2274,QC,49,21
2275,NB,43,55
2276,NB,37,32
2277,PE,23,38
2278,MB,61,36
2279,AB,33,24
2280,BC,59,48
2281,MB,50,33
2282,AB,26,32
2283,NT,49,30
2284,PE,34,59
2285,ON,59,49
2286,NS,23,18
2287,NS,27,56
2288,PE,40,23
2289,YT,54,24
2290,NB,63,38
2291,AB,60,56
2292,BC,20,61
2293,NS,49,28
2294,PE,36,38
2295,BC,25,36
2296,SK,58,30
2297,NS,34,18
2298,BC,51,64
2299,NT,55,36
2300,SK,57,22
2301,BC,45,60
2302,NT,23,28
2303,NT,18,53
2304,ON,59,29
2305,YT,27,46
2306,ON,64,29
2307,NT,26,25
2308,MB,36,65
2309,QC,19,24
2310,NS,18,36
2311,PE,58,55
2312,YT,22,49
2313,BC,59,44
2314,SK,27,57
2315,NS,25,35
2316,BC,50,32
2317,NU,28,40
2318,QC,41,59
2319,YT,60,46
2320,YT,30,21
2321,SK,63,60
2322,NB,59,30
2323,QC,18,26
2324,NT,46,48
2325,AB,65,34
2326,QC,27,34
2327,QC,41,21
2328,NU,55,63
2329,SK,39,26
2330,NS,31,31
2331,ON,37,62
2332,ON,25,38
2333,SK,36,31
2334,AB,44,27
2335,BC,20,31
2336,SK,35,36
2337,NB,51,36
2338,MB,60,42
2339,YT,60,25
2340,PE,63,29
2341,YT,28,41
2342,MB,48,19
2343,NU,43,57
2344,NL,56,58
2345,NS,23,43
2346,YT,43,59
2347,PE,36,65
2348,ON,55,33
2349,YT,34,57
2350,NT,55,62
2351,NS,36,30
2352,NB,64,42
2353,ON,56,62
2354,YT,36,21
2355,NU,47,65
2356,YT,31,26
2357,YT,39,34
2358,SK,19,19
2359,NS,56,50
2360,NL,46,46
2361,ON,51,19
2362,NB,21,18
2363,AB,43,22
2364,NU,59,32
2365,SK,59,57
2366,NU,24,23
2367,NS,40,60
2368,BC,24,42
2369,AB,54,44
2370,NT,23,33
2371,QC,63,24
2372,ON,52,37
2373,NS,61,43
2374,NS,23,32
2375,MB,23,34
2376,NT,18,35
2377,PE,52,49
2378,QC,30,39
2379,SK,53,50
2380,NB,23,27
2381,SK,38,42
2382,NT,51,39
2383,NB,49,18
2384,BC,43,18
2385,NB,24,32
2386,MB,50,33
2387,NL,28,59
2388,YT,65,29
2389,SK,46,39
2390,YT,26,45
2391,NT,60,39
2392,ON,61,47
2393,QC,56,23
2394,NU,61,36
2395,YT,26,37
2396,PE,25,54
2397,YT,51,32
2398,NL,35,26
2399,YT,44,27
2400,BC,45,45
2401,NB,51,25
2402,NB,20,47
2403,NU,32,48
2404,SK,20,33
2405,ON,25,28
2406,QC,57,51
2407,MB,42,57
2408,NB,37,35
2409,AB,24,29
2410,NT,48,31
2411,NL,56,45
2412,NB,57,34
2413,NS,20,40
2414,PE,63,41
2415,MB,58,45
2416,QC,26,37
2417,NT,36,56
2418,ON,21,22
2419,NB,33,55
2420,YT,20,62
2421,NU,43,55
2422,NT,43,50
2423,PE,59,29
2424,ON,43,56
2425,NS,48,47
2426,NT,30,21
2427,PE,55,21
2428,NT,37,52
2429,BC,49,23
2430,MB,34,49
2431,NL,62,41
2432,NL,22,62
2433,MB,55,61
2434,BC,48,62
2435,NS,42,37
2436,SK,62,41
2437,NB,18,38
2438,ON,60,64
2439,ON,18,47
2440,AB,21,20
2441,NB,34,19
2442,NU,57,48
2443,MB,60,30
2444,PE,62,49
2445,SK,37,21
2446,NS,53,45
2447,NB,24,33
2448,QC,40,18
2449,AB,55,18
2450,AB,57,41
2451,ON,35,20
2452,NS,28,64
2453,NT,41,27
2454,NT,54,25
2455,NB,53,39
2456,NB,36,29
2457,AB,34,20
2458,MB,29,26
2459,QC,62,45
2460,NT,18,31
2461,NS,18,43
2462,NU,31,22
2463,MB,21,20
2464,NS,48,60
2465,BC,52,61
2466,NL,40,60
2467,MB,36,41
2468,ON,42,23
2469,NB,22,44
2470,PE,62,38
2471,NS,54,57
2472,AB,51,42
2473,MB,48,59
2474,ON,24,23
2475,NB,37,47
2476,ON,20,51
2477,YT,60,22
2478,AB,19,33
2479,NS,64,33
2480,PE,37,53
2481,NT,47,50
2482,PE,50,51
2483,AB,61,25
2484,QC,58,48
2485,QC,59,31
2486,AB,51,43
2487,NS,57,61
2488,YT,26,63
2489,NS,44,61
2490,NS,38,37
2491,QC,18,54
2492,NT,36,42
2493,AB,42,23
2494,NS,35,52
2495,ON,37,64
2496,NU,25,48
2497,NU,34,60
2498,NB,55,38
2499,NS,64,20
2500,NB,48,28
2501,NT,34,61
2502,QC,42,44
2503,YT,55,49
2504,NU,56,53
2505,NL,28,48
2506,NB,25,63
2507,NT,53,21
2508,NS,33,48
2509,AB,57,64
2510,YT,61,63
2511,AB,29,45
2512,NT,20,42
2513,YT,33,64
2514,BC,64,42
2515,SK,27,41
2516,PE,19,24
2517,NB,51,57
2518,NL,62,36
2519,NB,21,38
2520,NS,48,32
2521,MB,49,57
2522,NB,18,36
2523,NS,23,62
2524,SK,22,28
2525,BC,20,43
2526,NB,38,60
2527,MB,40,36
2528,NL,57,62
2529,AB,46,30
2530,SK,41,61
2531,AB,65,23
2532,NT,22,36
2533,NB,49,48
2534,SK,28,19
2535,NS,62,56
2536,NS,60,39
2537,SK,34,62
2538,ON,65,39
2539,ON,23,34
2540,PE,27,53
2541,ON,62,58
2542,QC,49,43
2543,YT,56,45
2544,PE,65,48
2545,ON,40,26
2546,NT,47,43
2547,SK,35,46
2548,NB,39,50
2549,NB,42,59
2550,MB,50,63
2551,SK,59,61
2552,YT,40,62
2553,YT,40,28
2554,MB,36,65
2555,SK,40,52
2556,NL,18,44
2557,QC,48,37
2558,SK,44,58
2559,BC,41,51
2560,QC,21,61
2561,ON,33,37
2562,NS,29,49
2563,NS,64,30
2564,AB,50,44
2565,QC,56,45
2566,MB,35,48
2567,MB,35,34
2568,NS,30,52
2569,PE,51,49
2570,AB,28,51
2571,YT,29,34
2572,NB,62,27
2573,NS,26,22
2574,NU,43,47
2575,QC,33,26
2576,AB,18,45
2577,YT,20,33
2578,PE,52,47
2579,NT,64,38
2580,NL,38,42
2581,AB,49,57
2582,MB,47,65
2583,YT,60,55
2584,MB,53,54
2585,NL,38,22
2586,NU,39,49
2587,NS,37,59
2588,AB,21,63
2589,MB,65,25
2590,YT,44,41
2591,PE,65,59
2592,PE,23,61
2593,QC,63,57
2594,YT,51,47
2595,NB,37,20
2596,NS,32,50
2597,ON,51,31
2598,AB,42,41
2599,PE,49,35
2600,AB,51,30
2601,ON,37,26
2602,MB,60,36
2603,AB,20,28
2604,SK,36,18
2605,YT,34,34
2606,NB,30,18
2607,BC,19,62
2608,BC,55,44
2609,PE,59,24
2610,PE,24,48
2611,PE,22,63
2612,QC,56,20
2613,NS,64,54
2614,NU,58,31
2615,YT,62,48
2616,AB,27,33
2617,NL,38,40
2618,NB,35,30
2619,NB,29,30
2620,NS,57,21
2621,PE,34,63
2622,QC,59,64
2623,NL,26,37
2624,NL,29,51
2625,MB,25,57
2626,AB,49,40
2627,NS,21,40
2628,AB,55,61
2629,PE,59,62
2630,MB,57,29
2631,AB,38,64
2632,AB,46,54
2633,NL,37,26
2634,BC,39,61
2635,MB,39,39
2636,NB,64,28
2637,NT,29,39
2638,NL,37,27
2639,MB,61,59
2640,ON,27,28
2641,NT,61,37
2642,AB,57,60
2643,YT,51,18
2644,NT,48,33
2645,MB,29,51
2646,NT,54,60
2647,NL,20,47
2648,QC,63,31
2649,NB,45,36
2650,NL,38,43
2651,NT,30,62
2652,NS,25,52
2653,ON,64,47
2654,SK,39,43
2655,NS,24,45
2656,NS,57,54
2657,NT,54,33
2658,QC,58,44
2659,PE,57,23
2660,NT,49,55
2661,SK,20,40
2662,PE,21,45
2663,NL,43,26
2664,SK,48,25
2665,ON,41,54
2666,ON,25,40
2667,ON,28,30
2668,BC,46,64
2669,NB,37,30
2670,BC,56,40
2671,NU,26,50
2672,ON,53,21
2673,NT,23,25
2674,BC,44,55
2675,NU,21,46
2676,NB,49,43
2677,AB,37,23
2678,PE,36,46
2679,NS,62,55
2680,SK,55,46
2681,BC,50,18
2682,NU,33,38
2683,NS,39,55
2684,ON,25,57
2685,BC,48,28
2686,NL,44,53
2687,NT,38,58
2688,AB,28,34
2689,SK,39,45
2690,QC,39,24
2691,YT,64,64
2692,PE,24,18
2693,NL,50,36
2694,PE,24,61
2695,NT,64,20
2696,BC,58,40
2697,SK,41,61
2698,MB,21,40
2699,SK,31,33
2700,QC,46,22
2701,NU,22,21
2702,MB,33,64
2703,ON,22,38
2704,PE,34,34
2705,SK,38,21
2706,NT,29,64
2707,NT,22,48
2708,ON,37,58
2709,BC,36,44
2710,NU,21,33
2711,NB,36,23
2712,YT,44,49
2713,ON,44,36
2714,QC,53,23
2715,NT,32,40
2716,PE,59,63
2717,BC,53,55
2718,BC,64,28
2719,NL,51,51
2720,NU,41,58
2721,NL,33,62
2722,SK,57,37
2723,YT,23,33
2724,NB,37,51
2725,BC,44,33
2726,PE,56,34
2727,PE,46,43
2728,NU,48,37
2729,NB,32,39
2730,AB,48,38
2731,NU,21,30
2732,AB,51,52
2733,SK,62,21
2734,NT,39,48
2735,ON,48,58
2736,NT,58,41
2737,PE,48,19
2738,NS,62,35
2739,NB,40,43
2740,NB,56,53
2741,MB,21,54
2742,NT,39,49
2743,MB,21,51
2744,NL,19,58
2745,PE,57,60
2746,YT,37,65
2747,BC,43,43
2748,ON,49,58
2749,NU,34,53
2750,NT,54,18
2751,NL,39,53
2752,YT,33,28
2753,NS,59,63
2754,NT,45,36
2755,ON,32,56
2756,MB,53,49
2757,AB,58,43
2758,MB,60,27
2759,NL,19,54
2760,NB,19,27
2761,NU,44,31
2762,NT,19,18
2763,QC,38,43
2764,PE,33,50
2765,AB,54,18
2766,PE,25,56
2767,BC,50,30
2768,YT,22,65
2769,SK,33,30
2770,AB,37,29
2771,NU,52,60
2772,QC,24,18
2773,SK,48,31
2774,PE,62,58
2775,MB,20,25
2776,NB,54,65
2777,NB,30,38
2778,NL,56,27
2779,PE,59,41
2780,BC,31,35
2781,SK,34,65
2782,YT,56,36
2783,NS,26,43
2784,MB,24,27
2785,NL,24,59
2786,NL,43,57
2787,BC,27,45
2788,NU,60,42
2789,BC,37,53
2790,NU,37,19
2791,BC,51,29
2792,QC,41,57
2793,AB,55,58
2794,NU,58,62
2795,PE,27,34
2796,AB,42,64
2797,AB,53,54
2798,BC,18,32
2799,NT,56,23
2800,NS,30,35
2801,NU,23,60
2802,NT,57,19
2803,SK,47,63
2804,YT,27,44
2805,AB,55,50
2806,NS,25,41
2807,NL,53,30
2808,NS,56,50
2809,NU,41,56
2810,PE,53,32
2811,NT,42,26
2812,MB,30,22
2813,NS,19,46
2814,NL,32,44
2815,AB,47,18
2816,PE,20,20
2817,NU,33,31
2818,PE,58,58
2819,NL,23,40
2820,QC,43,47
2821,NB,61,51
2822,AB,47,49
2823,NU,22,34
2824,NU,55,35
2825,BC,53,55
2826,YT,32,54
2827,AB,50,22
2828,BC,42,35
2829,MB,63,64
2830,PE,37,25
2831,ON,56,29
2832,NL,63,44
2833,SK,58,39
2834,BC,19,52
2835,SK,50,57
2836,NL,51,58
2837,NL,60,54
2838,SK,56,32
2839,YT,40,25
2840,AB,51,41
2841,NB,63,46
2842,NT,56,63
2843,BC,18,60
2844,MB,54,39
2845,ON,34,60
2846,SK,34,62
2847,ON,31,33
2848,NS,60,18
2849,MB,32,34
2850,AB,19,24
2851,AB,26,36
2852,BC,28,50
2853,PE,23,51
2854,NL,46,44
2855,NS,50,20
2856,SK,57,50
2857,QC,27,52
2858,QC,65,42
2859,MB,30,39
2860,YT,57,58
2861,BC,28,59
2862,ON,44,53
2863,MB,26,21
2864,NB,47,50
2865,NU,20,39
2866,AB,24,41
2867,NL,22,33
2868,QC,60,29
2869,NB,54,19
2870,ON,38,30
2871,NT,23,20
2872,BC,61,24
2873,BC,41,64
2874,BC,22,57
2875,PE,54,19
2876,ON,25,30
2877,AB,27,64
2878,QC,34,64
2879,BC,48,37
2880,MB,27,56
2881,YT,60,22
2882,BC,20,58
2883,SK,39,57
2884,MB,26,21
2885,AB,43,18
2886,NS,51,27
2887,ON,29,22
2888,SK,64,44
2889,NT,59,30
2890,YT,27,54
2891,AB,41,65
2892,NT,53,37
2893,YT,44,44
2894,SK,33,48
2895,PE,18,35
2896,PE,38,27
2897,AB,63,21
2898,NT,45,22
2899,PE,55,35
2900,NB,33,28
2901,NL,36,29
2902,QC,33,56
2903,QC,44,60
2904,MB,45,47
2905,QC,26,42
2906,PE,63,33
2907,NS,57,48
2908,BC,53,34
2909,ON,22,58
2910,AB,40,36
2911,YT,47,63
2912,NS,57,27
2913,NL,59,51
2914,NS,33,28
2915,SK,46,49
2916,BC,53,55
2917,PE,42,64
2918,PE,40,32
2919,NB,50,24
2920,YT,49,19
2921,BC,46,33
2922,NL,35,39
2923,AB,38,47
2924,NB,47,31
2925,ON,44,58
2926,PE,33,52
2927,NT,53,52
2928,YT,26,26
2929,QC,38,52
2930,PE,29,58
2931,SK,27,18
2932,NS,50,20
2933,BC,35,30
2934,ON,20,21
2935,NB,61,54
2936,AB,47,20
2937,NB,39,35
2938,BC,58,59
2939,AB,26,46
2940,BC,35,33
2941,NU,49,31
2942,NU,24,29
2943,ON,27,35
2944,QC,51,64
2945,BC,48,43
2946,NU,24,50
2947,NL,58,50
2948,NU,50,52
2949,SK,58,50
2950,NS,62,40
2951,SK,32,52
2952,YT,45,24
2953,ON,31,35
2954,NT,64,36
2955,NS,33,19
2956,BC,52,43
2957,BC,54,37
2958,NS,25,21
2959,NS,43,26
2960,SK,46,28
2961,MB,25,37
2962,YT,18,42
2963,NS,43,51
2964,QC,41,29
2965,PE,31,39
2966,NL,63,53
2967,BC,27,52
2968,SK,51,46
2969,ON,64,60
2970,NU,55,65
2971,QC,46,29
2972,AB,51,46
2973,NL,55,63
2974,PE,49,37
2975,PE,64,39
2976,NB,23,49
2977,BC,64,27
2978,NS,27,31
2979,NL,35,37
2980,NU,36,22
2981,NL,30,34
2982,MB,40,57
2983,QC,28,51
2984,NT,38,56
2985,NS,52,49
2986,NL,22,46
2987,QC,63,37
2988,MB,33,53
2989,NT,65,25
2990,PE,50,58
2991,SK,65,63
2992,PE,53,59
2993,YT,23,39
2994,AB,47,49
2995,NL,25,34
2996,YT,48,37
2997,ON,25,35
2998,QC,62,39
2999,AB,54,45
3000,NU,53,33
3001,YT,39,51
3002,NU,44,63
3003,NL,42,21
3004,NU,54,45
3005,NU,61,44
3006,SK,43,32
3007,NL,56,41
3008,MB,54,47
3009,AB,48,55
3010,AB,42,49
3011,NT,29,43
3012,MB,65,48
3013,NS,19,24
3014,NU,62,27
3015,NB,29,33
3016,PE,33,23
3017,ON,22,62
3018,BC,32,29
3019,QC,31,41
3020,BC,44,35
3021,PE,47,31
3022,SK,50,41
3023,YT,24,45
3024,ON,52,57
3025,NU,22,64
3026,BC,52,57
3027,MB,49,33
3028,NB,29,37
3029,ON,61,47
3030,PE,62,49
3031,AB,41,38
3032,NU,31,29
3033,AB,19,39
3034,YT,49,56
3035,PE,58,50
3036,MB,29,62
3037,ON,50,32
3038,PE,48,18
3039,ON,54,21
3040,YT,36,51
3041,NS,21,41
3042,NB,39,29
3043,NL,50,42
3044,MB,30,29
3045,NB,56,33
3046,YT,35,47
3047,NT,51,55
3048,SK,19,29
3049,SK,26,52
3050,PE,65,26
3051,BC,21,22
3052,BC,28,50
3053,MB,45,53
3054,AB,41,48
3055,MB,24,29
3056,NU,41,57
3057,NT,38,59
3058,NL,24,62
3059,NT,50,29
3060,NT,44,30
3061,YT,40,28
3062,NB,46,39
3063,NB,31,62
3064,MB,32,54
3065,NT,21,53
3066,NU,28,42
3067,NU,44,44
3068,AB,60,32
3069,ON,31,27
3070,QC,53,35
3071,ON,59,61
3072,NT,46,65
3073,AB,51,32
3074,PE,55,57
3075,NU,48,63
3076,MB,35,65
3077,YT,40,33
3078,AB,45,39
3079,NS,42,34
3080,NU,54,40
3081,NU,44,50
3082,AB,62,31
3083,PE,52,33
3084,AB,28,44
3085,PE,23,34
3086,SK,51,41
3087,YT,21,47
3088,NL,36,45
3089,MB,60,26
3090,NT,22,64
3091,NL,55,51
3092,SK,39,41
3093,NB,59,31
3094,PE,46,47
3095,MB,38,20
3096,NT,38,23
3097,YT,25,52
3098,NT,64,39
3099,QC,45,51
3100,NS,37,53
3101,MB,43,29
3102,PE,35,20
3103,BC,62,34
3104,AB,65,46
3105,NT,52,60
3106,NT,24,36
3107,NU,28,48
3108,QC,34,44
3109,NT,62,34
3110,ON,52,31
3111,NS,39,33
3112,NB,60,27
3113,MB,62,54
3114,MB,37,27
3115,SK,45,18
3116,PE,39,54
3117,PE,50,23
3118,ON,24,44
3119,NU,42,25
3120,NT,58,25
3121,PE,41,59
3122,NU,24,50
3123,MB,50,28
3124,MB,54,45
3125,BC,65,19
3126,BC,64,63
3127,SK,19,47
3128,BC,25,44
3129,ON,28,20
3130,NT,22,28
3131,NB,52,22
3132,QC,42,20
3133,MB,39,42
3134,NB,45,32
3135,ON,50,38
3136,NS,53,39
3137,ON,37,26
3138,NU,49,62
3139,BC,49,23
3140,NL,50,48
3141,PE,25,60
3142,YT,40,41
3143,MB,28,60
3144,YT,30,42
3145,AB,45,60
3146,MB,55,25
3147,NS,29,38
3148,QC,51,19
3149,NU,31,27
3150,AB,54,34
3151,PE,61,65
3152,NB,42,62
3153,AB,65,61
3154,BC,24,29
3155,AB,53,26
3156,SK,22,62
3157,ON,65,31
3158,NS,30,21
3159,SK,59,33
3160,AB,24,41
3161,PE,41,23
3162,PE,49,36
3163,NB,34,54
3164,MB,46,22
3165,QC,40,40
3166,SK,61,30
3167,NU,28,23
3168,NS,37,25
3169,SK,36,34
3170,NU,18,41
3171,YT,44,32
3172,NL,47,40
3173,NU,46,34
3174,PE,39,25
3175,NU,31,30
3176,AB,57,36
3177,YT,25,31
3178,PE,19,26
3179,NB,45,43
3180,NB,57,34
3181,NU,52,59
3182,NS,39,34
3183,QC,27,65
3184,NB,25,26
3185,QC,32,18
3186,NB,40,63
3187,QC,31,64
3188,MB,50,45
3189,MB,35,56
3190,BC,65,37
3191,SK,54,33
3192,BC,50,63
3193,NS,60,52
3194,NU,61,47
3195,BC,26,50
3196,YT,59,45
3197,NT,36,25
3198,NL,49,58
3199,NU,35,65
3200,YT,33,51
3201,YT,19,52
3202,NT,26,55
3203,YT,44,28
3204,ON,26,62
3205,AB,38,60
3206,PE,40,23
3207,QC,50,35
3208,MB,57,55
3209,NS,62,49
3210,SK,54,25
3211,AB,29,47
3212,AB,30,40
3213,MB,32,28
3214,MB,24,20
3215,BC,29,27
3216,MB,34,18
3217,SK,57,41
3218,MB,50,55
3219,PE,56,23
3220,NL,51,22
3221,SK,25,45
3222,SK,28,46
3223,NB,19,55
3224,MB,61,57
3225,YT,29,18
3226,NS,41,26
3227,YT,53,63
3228,QC,36,52
3229,ON,64,61
3230,YT,28,59
3231,QC,40,34
3232,QC,41,23
3233,NL,50,59
3234,ON,27,20
3235,BC,51,33
3236,SK,51,38
3237,NT,63,39
3238,NT,41,45
3239,BC,25,32
3240,BC,59,65
3241,QC,61,24
3242,AB,28,59
3243,NS,59,31
3244,NL,56,24
3245,YT,47,55
3246,YT,42,41
3247,BC,64,41
3248,NU,42,19
3249,NU,55,59
3250,NB,54,49
3251,MB,36,28
3252,MB,25,59
3253,PE,30,37
3254,QC,23,39
3255,AB,65,42
3256,BC,24,63
3257,NU,28,48
3258,NS,24,19
3259,NT,60,61
3260,QC,52,43
3261,NU,39,29
3262,SK,26,24
3263,AB,25,49
3264,PE,65,36
3265,MB,52,23
3266,PE,50,37
3267,MB,27,46
3268,AB,52,39
3269,MB,24,58
3270,NS,24,37
3271,SK,34,33
3272,NU,33,55
3273,QC,32,25
3274,MB,60,35
3275,NL,30,32
3276,ON,43,33
3277,QC,39,55
3278,NB,42,61
3279,NS,27,56
3280,NT,42,40
3281,NL,18,65
3282,NB,29,37
3283,NU,39,24
3284,NB,62,35
3285,NS,38,51
3286,BC,62,57
3287,AB,35,20
3288,QC,44,36
3289,NL,22,39
3290,AB,32,64
3291,NS,26,40
3292,PE,19,21
3293,PE,51,50
3294,AB,20,53
3295,NS,39,25
3296,NS,50,31
3297,BC,21,43
3298,MB,51,27
3299,NB,34,28
3300,NB,53,42
3301,NU,64,45
3302,NU,54,20
3303,NU,52,35
3304,AB,37,61
3305,NB,52,31
3306,AB,62,51
3307,NB,36,20
3308,PE,20,52
3309,NU,59,28
3310,BC,19,47
3311,QC,54,34
3312,PE,49,22
3313,AB,26,56
3314,NT,41,61
3315,NS,60,46
3316,AB,27,19
3317,NU,51,31
3318,MB,34,54
3319,YT,32,54
3320,ON,47,38
3321,MB,26,42
3322,AB,32,29
3323,NS,30,62
3324,NU,61,19
3325,YT,37,60
3326,PE,39,61
3327,AB,27,24
3328,BC,57,57
3329,YT,48,50
3330,QC,62,46
3331,PE,50,23
3332,NU,21,58
3333,PE,19,38
3334,NL,23,48
3335,BC,27,52
3336,SK,22,32
3337,YT,50,56
3338,YT,39,59
3339,AB,53,52
3340,AB,28,53
3341,PE,31,36
3342,BC,55,27
3343,NS,62,26
3344,AB,27,55
3345,NB,57,46
3346,PE,18,63
3347,ON,21,34
3348,AB,30,21
3349,YT,52,46
3350,NS,35,48
3351,ON,60,51
3352,NS,63,58
3353,NB,26,20
3354,PE,20,63
3355,NL,28,44
3356,PE,33,20
3357,PE,33,38
3358,NU,56,24
3359,BC,57,33
3360,ON,33,19
3361,ON,46,61
3362,NL,36,40
3363,NS,44,36
3364,PE,28,20
3365,SK,19,18
3366,AB,33,29
3367,AB,63,54
3368,NB,42,39
3369,NB,37,31
3370,BC,47,31
3371,MB,65,46
3372,NS,63,21
3373,ON,21,47
3374,YT,57,22
3375,YT,21,62
3376,PE,55,30
3377,SK,21,36
3378,NT,31,25
3379,SK,20,44
3380,NU,56,47
3381,NS,24,34
3382,NT,54,35
3383,NU,36,22
3384,QC,30,47
3385,PE,43,49
3386,NT,57,33
3387,NS,35,55
3388,QC,50,20
3389,ON,23,31
3390,NB,53,37
3391,PE,30,42
3392,NL,28,44
3393,AB,49,40
3394,NU,32,26
3395,QC,53,63
3396,NU,65,47
3397,QC,42,52
3398,NU,34,54
3399,QC,37,60
3400,NU,31,24
3401,NS,65,29
3402,NL,26,23
3403,QC,38,23
3404,PE,22,61
3405,NT,25,32
3406,YT,18,35
3407,NT,49,45
3408,NT,32,47
3409,MB,51,25
3410,MB,32,24
3411,MB,57,24
3412,YT,28,31
3413,NB,25,62
3414,AB,43,58
3415,PE,57,47
3416,NB,63,28
3417,NS,64,22
3418,NB,46,43
3419,SK,65,45
3420,AB,51,39
3421,BC,42,56
3422,ON,38,45
3423,NL,59,41
3424,NL,21,39
3425,NT,57,58
3426,NB,34,27
3427,NS,54,21
3428,NT,32,46
3429,AB,63,53
3430,NT,29,58
3431,SK,33,23
3432,SK,55,20
3433,QC,31,44
3434,QC,29,64
3435,AB,36,21
3436,SK,42,65
3437,QC,49,62
3438,NT,43,55
3439,SK,55,56
3440,NU,46,64
3441,NL,20,54
3442,ON,26,63
3443,NT,63,63
3444,QC,50,57
3445,NT,31,44
3446,PE,20,28
3447,AB,34,52
3448,AB,50,33
3449,AB,39,41
3450,AB,56,24
3451,NL,23,41
3452,ON,65,56
3453,AB,28,37
3454,NU,47,18
3455,NT,24,48
3456,NT,46,29
3457,NS,61,60
3458,QC,42,47
3459,NU,61,48
3460,NL,28,27
3461,NS,21,31
3462,NB,42,39
3463,BC,65,37
3464,NS,58,45
3465,NS,64,65
3466,BC,28,21
3467,NB,32,52
3468,MB,41,27
3469,AB,52,30
3470,YT,64,19
3471,MB,35,49
3472,AB,26,25
3473,PE,57,64
3474,PE,51,35
3475,AB,43,38
3476,NS,18,46
3477,BC,29,59
3478,SK,21,20
3479,NS,60,24
3480,MB,42,34
3481,SK,22,51
3482,ON,19,56
3483,QC,55,26
3484,SK,30,61
3485,PE,19,19
3486,NB,47,54
3487,BC,51,42
3488,NU,33,29
3489,BC,51,38
3490,NU,34,27
3491,NT,46,44
3492,BC,60,20
3493,NS,23,65
3494,NL,43,43
3495,MB,41,62
3496,NS,53,58
3497,QC,27,22
3498,NS,28,20
3499,ON,25,47
